www.una.ac.cr,una.ac.cr,Universidad Nacional de Costa Rica
www.google.com,google.com,Google
www.openai.com,openai.com,OpenAI
www.yahoo.com,yahoo.com,Yahoo
www.crunchyroll.com,crunchyroll.com,Crunchyroll
www.facebook.com,facebook.com,Facebook
www.instagram.com,instagram.com,Instagram
www.x.com,x.com,X
www.youtube.com,youtube.com,YouTube
www.aulavirtual.una.ac.cr,aulavirtual.una.ac.cr,Aula Virtual
www.hi-teccostarica.com,hi-teccostarica.com,Hi-Tec Costa Rica
www.onlyfans.com,onlyfans.com,OnlyFans
www.wikipedia.org,wikipedia.org,Wikipedia
web.whatsapp.com,whatsapp.com,WhatsApp
www.netflix.com,netflix.com,Netflix
www.amazon.com,amazon.com,Amazon
www.reddit.com,reddit.com,Reddit
www.bing.com,bing.com,Bing
www.microsoft.com,microsoft.com,Microsoft
www.apple.com,apple.com,Apple
www.tumblr.com,tumblr.com,Tumblr
www.pinterest.com,pinterest.com,Pinterest
www.quora.com,quora.com,Quora
www.snapchat.com,snapchat.com,Snapchat
www.ted.com,ted.com,TED
www.nytimes.com,nytimes.com,The New York Times
www.wsj.com,wsj.com,The Wall Street Journal
www.nationalgeographic.com,nationalgeographic.com,NatGeo
www.bbc.com,bbc.com,BBC
www.cnn.com,cnn.com,CNN
www.huffpost.com,huffpost.com,HuffPost
www.forbes.com,forbes.com,Forbes
www.bloomberg.com,bloomberg.com,Bloomberg
www.usatoday.com,usatoday.com,USA Today
www.walmart.com,walmart.com,Walmart
www.target.com,target.com,Target
www.zillow.com,zillow.com,Zillow
www.stackoverflow.com,stackoverflow.com,Stack Overflow
www.flickr.com,flickr.com,Flickr
www.twitch.tv,twitch.tv,Twitch
www.spotify.com,spotify.com,Spotify
www.airbnb.com,airbnb.com,Airbnb
www.dropbox.com,dropbox.com,Dropbox
www.slack.com,slack.com,Slack
www.vimeo.com,vimeo.com,Vimeo
www.imdb.com,imdb.com,IMDb
www.fiverr.com,fiverr.com,Fiverr
www.upwork.com,upwork.com,Upwork
www.tesla.com,tesla.com,Tesla
www.spacex.com,spacex.com,SpaceX